{
  "timeline": {
    "short_term": [
      "Optimize API performance",
      "Enhance security features",
      "Add user analytics"
    ],
    "mid_term": [
      "Implement AI/ML capabilities",
      "Expand to mobile platforms",
      "Develop partner integrations"
    ],
    "long_term": [
      "Blockchain integration",
      "AR/VR features",
      "Global expansion"
    ]
  },
  "potential_valuation_increase": {
    "short_term": "15-25%",
    "mid_term": "50-75%",
    "long_term": "150-300%"
  },
  "key_metrics": {
    "current_users": 1000,
    "projected_users_1y": 5000,
    "projected_users_3y": 25000,
    "current_mrr": 10000,
    "projected_mrr_1y": 75000,
    "projected_mrr_3y": 500000
  }
}